"TargetModule","Coverage"
"bst2","0.8636363636363636"
"bst2","0.8636363636363636"
"bst2","0.6454545454545455"
"bst2","0.6"
"bst2","0.6636363636363637"
