{"longest_common_prefix.py": {"total": {"h1": 6, "h2": 11, "N1": 6, "N2": 11, "vocabulary": 17, "length": 17, "calculated_length": 53.563522809337215, "volume": 69.48686830125578, "difficulty": 3.0, "effort": 208.46060490376735, "time": 11.581144716875963, "bugs": 0.023162289433751926}, "functions": {"find_longest_common_prefix": {"h1": 3, "h2": 6, "N1": 3, "N2": 6, "vocabulary": 9, "length": 9, "calculated_length": 20.264662506490406, "volume": 28.529325012980813, "difficulty": 1.5, "effort": 42.793987519471216, "time": 2.377443751081734, "bugs": 0.009509775004326938}, "find_longest_common_prefix_reduce": {"h1": 3, "h2": 5, "N1": 3, "N2": 5, "vocabulary": 8, "length": 8, "calculated_length": 16.36452797660028, "volume": 24.0, "difficulty": 1.5, "effort": 36.0, "time": 2.0, "bugs": 0.008}}}}
