{"meta": {"version": "7.2.1", "timestamp": "2023-03-05T20:30:04.003537", "branch_coverage": true, "show_contexts": false}, "files": {"breadth_first_search.py": {"executed_lines": [1, 3, 46, 57, 58, 60, 61, 63, 64, 65, 67, 68, 70, 71, 72], "summary": {"covered_lines": 15, "num_statements": 37, "percent_covered": 38.983050847457626, "percent_covered_display": "39", "missing_lines": 22, "excluded_lines": 0, "num_branches": 22, "num_partial_branches": 0, "covered_branches": 8, "missing_branches": 14}, "missing_lines": [14, 15, 16, 17, 19, 20, 23, 24, 26, 28, 29, 31, 32, 35, 36, 37, 38, 39, 41, 42, 43, 44], "excluded_lines": [], "executed_branches": [[60, 61], [60, 72], [63, 60], [63, 64], [64, 65], [64, 67], [67, 68], [67, 70]], "missing_branches": [[15, 16], [15, 17], [23, 24], [23, 26], [31, 32], [31, 44], [35, 31], [35, 36], [36, 37], [36, 38], [38, 39], [38, 41], [41, 35], [41, 42]]}, "graph1.py": {"executed_lines": [1, 3, 5, 6, 7, 9, 10, 12, 13, 15, 16, 20, 21, 22, 24, 36, 37, 39, 40, 42, 44, 45, 47, 57, 59, 61, 62, 63, 64, 65, 66, 67, 68, 69, 71, 75, 77, 79, 82, 84, 86, 107, 108, 110, 111, 112, 113, 114, 116, 118, 119, 120, 122, 124, 126, 127, 128, 130, 131, 133, 134, 136, 137, 139, 141, 142, 144, 145, 147, 148, 149, 151, 152, 153, 154, 155, 156, 158, 159, 160, 161, 162, 163, 164], "summary": {"covered_lines": 83, "num_statements": 83, "percent_covered": 99.21259842519684, "percent_covered_display": "99", "missing_lines": 0, "excluded_lines": 0, "num_branches": 44, "num_partial_branches": 1, "covered_branches": 43, "missing_branches": 1}, "missing_lines": [], "excluded_lines": [], "executed_branches": [[36, 37], [36, 39], [39, 40], [39, 42], [44, -24], [44, 45], [61, 62], [61, 63], [63, 64], [63, 65], [66, 67], [66, 69], [67, 66], [67, 68], [71, 75], [71, 84], [75, 71], [75, 77], [77, 79], [77, 82], [79, -79], [79, 71], [112, 113], [112, 116], [113, 112], [113, 114], [118, 119], [118, 122], [119, 118], [119, 120], [131, -131], [131, -130], [131, 131], [145, -145], [145, -144], [145, 145], [152, 153], [152, 154], [154, 155], [154, 156], [159, 160], [159, 161], [161, 162], [161, 163], [163, 164]], "missing_branches": [[163, -158]]}}, "totals": {"covered_lines": 98, "num_statements": 120, "percent_covered": 80.10752688172043, "percent_covered_display": "80", "missing_lines": 22, "excluded_lines": 0, "num_branches": 66, "num_partial_branches": 1, "covered_branches": 51, "missing_branches": 15}}