{"hamming_ops.py": {"total": {"h1": 4, "h2": 6, "N1": 4, "N2": 8, "vocabulary": 10, "length": 12, "calculated_length": 23.509775004326936, "volume": 39.863137138648355, "difficulty": 2.6666666666666665, "effort": 106.3016990363956, "time": 5.905649946466422, "bugs": 0.013287712379549451}, "functions": {"hamming_distance": {"h1": 1, "h2": 2, "N1": 1, "N2": 2, "vocabulary": 3, "length": 3, "calculated_length": 2.0, "volume": 4.754887502163469, "difficulty": 0.5, "effort": 2.3774437510817346, "time": 0.1320802083934297, "bugs": 0.0015849625007211565}, "hamming_weight": {"h1": 3, "h2": 4, "N1": 3, "N2": 6, "vocabulary": 7, "length": 9, "calculated_length": 12.75488750216347, "volume": 25.26619429851844, "difficulty": 2.25, "effort": 56.848937171666485, "time": 3.158274287314805, "bugs": 0.008422064766172813}}}}
