{"rabin_karp_substring_search.py": {"total": {"h1": 8, "h2": 32, "N1": 24, "N2": 47, "vocabulary": 40, "length": 71, "calculated_length": 184.0, "volume": 377.85689473700273, "difficulty": 5.875, "effort": 2219.909256579891, "time": 123.32829203221617, "bugs": 0.1259522982456676}, "functions": {"rabin_karp_find_substring": {"h1": 8, "h2": 32, "N1": 24, "N2": 47, "vocabulary": 40, "length": 71, "calculated_length": 184.0, "volume": 377.85689473700273, "difficulty": 5.875, "effort": 2219.909256579891, "time": 123.32829203221617, "bugs": 0.1259522982456676}}}}
