{"meta": {"version": "7.2.1", "timestamp": "2023-03-05T20:28:29.196469", "branch_coverage": true, "show_contexts": false}, "files": {"dijkstras.py": {"executed_lines": [1, 3, 5, 6, 7, 10, 11, 12, 13, 15, 17, 18, 20, 21, 23, 25, 27, 29, 30, 31, 34, 35, 36, 37, 38, 39, 41], "summary": {"covered_lines": 27, "num_statements": 27, "percent_covered": 97.5609756097561, "percent_covered_display": "98", "missing_lines": 0, "excluded_lines": 0, "num_branches": 14, "num_partial_branches": 1, "covered_branches": 13, "missing_branches": 1}, "missing_lines": [], "excluded_lines": [], "executed_branches": [[10, 11], [10, 15], [17, 18], [18, -18], [18, 20], [20, 21], [20, 23], [25, 17], [25, 27], [29, 25], [29, 30], [36, 37], [36, 39]], "missing_branches": [[17, 34]]}, "graph.py": {"executed_lines": [1, 3, 5, 9, 12, 15, 16, 20, 24, 47, 86, 124, 126, 127, 128, 130, 133, 134, 136, 139, 141, 142, 144, 147, 148, 149, 151, 152, 153, 154, 155, 156, 158], "summary": {"covered_lines": 32, "num_statements": 83, "percent_covered": 28.346456692913385, "percent_covered_display": "28", "missing_lines": 51, "excluded_lines": 0, "num_branches": 44, "num_partial_branches": 0, "covered_branches": 4, "missing_branches": 40}, "missing_lines": [6, 7, 10, 13, 21, 22, 36, 37, 39, 40, 42, 44, 45, 57, 59, 61, 62, 63, 64, 65, 66, 67, 68, 69, 71, 75, 77, 79, 82, 84, 107, 108, 110, 111, 112, 113, 114, 116, 118, 119, 120, 122, 131, 137, 145, 159, 160, 161, 162, 163, 164], "excluded_lines": [], "executed_branches": [[152, 153], [152, 154], [154, 155], [154, 156]], "missing_branches": [[36, 37], [36, 39], [39, 40], [39, 42], [44, -24], [44, 45], [61, 62], [61, 63], [63, 64], [63, 65], [66, 67], [66, 69], [67, 66], [67, 68], [71, 75], [71, 84], [75, 71], [75, 77], [77, 79], [77, 82], [79, -79], [79, 71], [112, 113], [112, 116], [113, 112], [113, 114], [118, 119], [118, 122], [119, 118], [119, 120], [131, -131], [131, -130], [145, -145], [145, -144], [159, 160], [159, 161], [161, 162], [161, 163], [163, -158], [163, 164]]}}, "totals": {"covered_lines": 59, "num_statements": 110, "percent_covered": 45.23809523809524, "percent_covered_display": "45", "missing_lines": 51, "excluded_lines": 0, "num_branches": 58, "num_partial_branches": 1, "covered_branches": 17, "missing_branches": 41}}