{"meta": {"version": "7.2.1", "timestamp": "2023-03-05T20:32:26.268569", "branch_coverage": true, "show_contexts": false}, "files": {"a_queue.py": {"executed_lines": [1, 4, 7, 8, 19, 21, 23, 25, 27, 29, 31, 33, 34, 35, 36, 38, 40], "summary": {"covered_lines": 15, "num_statements": 15, "percent_covered": 100.0, "percent_covered_display": "100", "missing_lines": 0, "excluded_lines": 0, "num_branches": 0, "num_partial_branches": 0, "covered_branches": 0, "missing_branches": 0}, "missing_lines": [], "excluded_lines": [], "executed_branches": [], "missing_branches": []}, "dll.py": {"executed_lines": [1, 4, 5, 7, 9, 10, 11, 13, 18, 19, 30, 32, 33, 34, 35, 36, 37, 38, 39, 40, 42, 44, 45, 46, 47, 48, 49, 50, 52, 54, 55, 56, 58, 59, 60, 61, 62, 63, 64, 65, 67, 69, 70, 71, 72, 73, 74, 75, 77, 92, 111], "summary": {"covered_lines": 48, "num_statements": 83, "percent_covered": 55.46218487394958, "percent_covered_display": "55", "missing_lines": 35, "excluded_lines": 0, "num_branches": 36, "num_partial_branches": 0, "covered_branches": 18, "missing_branches": 18}, "missing_lines": [15, 79, 80, 81, 83, 84, 85, 86, 87, 88, 89, 90, 94, 95, 96, 97, 98, 99, 100, 101, 102, 103, 104, 105, 106, 107, 109, 113, 114, 115, 116, 117, 118, 119, 120], "excluded_lines": [], "executed_branches": [[36, -30], [36, 37], [36, 38], [39, -30], [39, 40], [46, 47], [46, 48], [48, 49], [48, 50], [55, 56], [55, 58], [59, 60], [59, 61], [63, 64], [63, 65], [71, 72], [71, 73], [73, 74], [73, 75]], "missing_branches": [[80, 81], [80, 83], [84, 85], [84, 86], [88, 89], [88, 90], [95, 96], [95, 109], [96, 97], [96, 107], [97, 98], [97, 99], [99, 100], [99, 101], [101, 102], [101, 103], [103, 104], [103, 105]]}}, "totals": {"covered_lines": 63, "num_statements": 98, "percent_covered": 60.44776119402985, "percent_covered_display": "60", "missing_lines": 35, "excluded_lines": 0, "num_branches": 36, "num_partial_branches": 0, "covered_branches": 18, "missing_branches": 18}}