{"graph1.py": {"total": {"h1": 8, "h2": 28, "N1": 19, "N2": 34, "vocabulary": 36, "length": 53, "calculated_length": 158.6059378176129, "volume": 274.00602507644254, "difficulty": 4.857142857142857, "effort": 1330.8864075141494, "time": 73.93813375078608, "bugs": 0.09133534169214752}, "functions": {"__init__": {"h1": 0, "h2": 0, "N1": 0, "N2": 0, "vocabulary": 0, "length": 0, "calculated_length": 0, "volume": 0, "difficulty": 0, "effort": 0, "time": 0.0, "bugs": 0.0}, "add_adjacent": {"h1": 0, "h2": 0, "N1": 0, "N2": 0, "vocabulary": 0, "length": 0, "calculated_length": 0, "volume": 0, "difficulty": 0, "effort": 0, "time": 0.0, "bugs": 0.0}, "remove_adjacent": {"h1": 0, "h2": 0, "N1": 0, "N2": 0, "vocabulary": 0, "length": 0, "calculated_length": 0, "volume": 0, "difficulty": 0, "effort": 0, "time": 0.0, "bugs": 0.0}, "add_edge": {"h1": 1, "h2": 3, "N1": 2, "N2": 4, "vocabulary": 4, "length": 6, "calculated_length": 4.754887502163469, "volume": 12.0, "difficulty": 0.6666666666666666, "effort": 8.0, "time": 0.4444444444444444, "bugs": 0.004}, "has_cycle": {"h1": 4, "h2": 8, "N1": 7, "N2": 10, "vocabulary": 12, "length": 17, "calculated_length": 32.0, "volume": 60.94436251225966, "difficulty": 2.5, "effort": 152.36090628064915, "time": 8.464494793369397, "bugs": 0.020314787504086555}, "topological_sort": {"h1": 1, "h2": 4, "N1": 2, "N2": 4, "vocabulary": 5, "length": 6, "calculated_length": 8.0, "volume": 13.931568569324174, "difficulty": 0.5, "effort": 6.965784284662087, "time": 0.3869880158145604, "bugs": 0.004643856189774725}, "__str__": {"h1": 0, "h2": 0, "N1": 0, "N2": 0, "vocabulary": 0, "length": 0, "calculated_length": 0, "volume": 0, "difficulty": 0, "effort": 0, "time": 0.0, "bugs": 0.0}, "add_vertex": {"h1": 0, "h2": 0, "N1": 0, "N2": 0, "vocabulary": 0, "length": 0, "calculated_length": 0, "volume": 0, "difficulty": 0, "effort": 0, "time": 0.0, "bugs": 0.0}, "remove_edge": {"h1": 2, "h2": 4, "N1": 3, "N2": 6, "vocabulary": 6, "length": 9, "calculated_length": 10.0, "volume": 23.264662506490403, "difficulty": 1.5, "effort": 34.89699375973561, "time": 1.938721875540867, "bugs": 0.007754887502163467}}}}
