{"convert_base.py": {"total": {"h1": 10, "h2": 25, "N1": 19, "N2": 35, "vocabulary": 35, "length": 54, "calculated_length": 149.31568569324173, "volume": 276.9812829150282, "difficulty": 7.0, "effort": 1938.8689804051974, "time": 107.7149433558443, "bugs": 0.0923270943050094}, "functions": {"convert_base": {"h1": 10, "h2": 19, "N1": 15, "N2": 28, "vocabulary": 29, "length": 43, "calculated_length": 113.92990370430175, "volume": 208.89318279048564, "difficulty": 7.368421052631579, "effort": 1539.212925824631, "time": 85.5118292124795, "bugs": 0.06963106093016189}, "convert_digit_to_int": {"h1": 4, "h2": 6, "N1": 4, "N2": 7, "vocabulary": 10, "length": 11, "calculated_length": 23.509775004326936, "volume": 36.541209043760986, "difficulty": 2.3333333333333335, "effort": 85.26282110210897, "time": 4.736823394561609, "bugs": 0.012180403014586996}}}}
