{"combinations.py": {"total": {"h1": 1, "h2": 7, "N1": 4, "N2": 8, "vocabulary": 8, "length": 12, "calculated_length": 19.651484454403228, "volume": 36.0, "difficulty": 0.5714285714285714, "effort": 20.57142857142857, "time": 1.1428571428571428, "bugs": 0.012}, "functions": {"combinations_of_word": {"h1": 1, "h2": 3, "N1": 2, "N2": 4, "vocabulary": 4, "length": 6, "calculated_length": 4.754887502163469, "volume": 12.0, "difficulty": 0.6666666666666666, "effort": 8.0, "time": 0.4444444444444444, "bugs": 0.004}, "combinations_of_phone_input": {"h1": 1, "h2": 4, "N1": 2, "N2": 4, "vocabulary": 5, "length": 6, "calculated_length": 8.0, "volume": 13.931568569324174, "difficulty": 0.5, "effort": 6.965784284662087, "time": 0.3869880158145604, "bugs": 0.004643856189774725}}}}
