{"trie.py": {"total": {"h1": 4, "h2": 9, "N1": 5, "N2": 10, "vocabulary": 13, "length": 15, "calculated_length": 36.52932501298081, "volume": 55.506595772116384, "difficulty": 2.2222222222222223, "effort": 123.34799060470309, "time": 6.852666144705727, "bugs": 0.01850219859070546}, "functions": {"__init__": {"h1": 0, "h2": 0, "N1": 0, "N2": 0, "vocabulary": 0, "length": 0, "calculated_length": 0, "volume": 0, "difficulty": 0, "effort": 0, "time": 0.0, "bugs": 0.0}, "add": {"h1": 0, "h2": 0, "N1": 0, "N2": 0, "vocabulary": 0, "length": 0, "calculated_length": 0, "volume": 0, "difficulty": 0, "effort": 0, "time": 0.0, "bugs": 0.0}, "get_all_common_prefix": {"h1": 4, "h2": 9, "N1": 5, "N2": 10, "vocabulary": 13, "length": 15, "calculated_length": 36.52932501298081, "volume": 55.506595772116384, "difficulty": 2.2222222222222223, "effort": 123.34799060470309, "time": 6.852666144705727, "bugs": 0.01850219859070546}}}}
