{"heap.py": {"total": {"h1": 8, "h2": 39, "N1": 29, "N2": 58, "vocabulary": 47, "length": 87, "calculated_length": 230.1306865356277, "volume": 483.2492300959545, "difficulty": 5.948717948717949, "effort": 2874.7133687759347, "time": 159.7062982653297, "bugs": 0.1610830766986515}, "functions": {"__init__": {"h1": 0, "h2": 0, "N1": 0, "N2": 0, "vocabulary": 0, "length": 0, "calculated_length": 0, "volume": 0, "difficulty": 0, "effort": 0, "time": 0.0, "bugs": 0.0}, "insert": {"h1": 0, "h2": 0, "N1": 0, "N2": 0, "vocabulary": 0, "length": 0, "calculated_length": 0, "volume": 0, "difficulty": 0, "effort": 0, "time": 0.0, "bugs": 0.0}, "percolate": {"h1": 3, "h2": 6, "N1": 5, "N2": 10, "vocabulary": 9, "length": 15, "calculated_length": 20.264662506490406, "volume": 47.548875021634686, "difficulty": 2.5, "effort": 118.87218755408671, "time": 6.604010419671484, "bugs": 0.01584962500721156}, "sift": {"h1": 3, "h2": 6, "N1": 3, "N2": 6, "vocabulary": 9, "length": 9, "calculated_length": 20.264662506490406, "volume": 28.529325012980813, "difficulty": 1.5, "effort": 42.793987519471216, "time": 2.377443751081734, "bugs": 0.009509775004326938}, "find_min_child_index": {"h1": 4, "h2": 12, "N1": 13, "N2": 26, "vocabulary": 16, "length": 39, "calculated_length": 51.01955000865388, "volume": 156.0, "difficulty": 4.333333333333333, "effort": 676.0, "time": 37.55555555555556, "bugs": 0.052}, "min": {"h1": 1, "h2": 2, "N1": 1, "N2": 2, "vocabulary": 3, "length": 3, "calculated_length": 2.0, "volume": 4.754887502163469, "difficulty": 0.5, "effort": 2.3774437510817346, "time": 0.1320802083934297, "bugs": 0.0015849625007211565}, "delete_min": {"h1": 1, "h2": 4, "N1": 2, "N2": 4, "vocabulary": 5, "length": 6, "calculated_length": 8.0, "volume": 13.931568569324174, "difficulty": 0.5, "effort": 6.965784284662087, "time": 0.3869880158145604, "bugs": 0.004643856189774725}, "build": {"h1": 4, "h2": 7, "N1": 4, "N2": 8, "vocabulary": 11, "length": 12, "calculated_length": 27.651484454403228, "volume": 41.51317942364757, "difficulty": 2.2857142857142856, "effort": 94.88726725405158, "time": 5.27151484744731, "bugs": 0.01383772647454919}, "size": {"h1": 1, "h2": 2, "N1": 1, "N2": 2, "vocabulary": 3, "length": 3, "calculated_length": 2.0, "volume": 4.754887502163469, "difficulty": 0.5, "effort": 2.3774437510817346, "time": 0.1320802083934297, "bugs": 0.0015849625007211565}}}}
