{"dll.py": {"total": {"h1": 8, "h2": 18, "N1": 18, "N2": 35, "vocabulary": 26, "length": 53, "calculated_length": 99.05865002596161, "volume": 249.1233050614779, "difficulty": 7.777777777777778, "effort": 1937.625706033717, "time": 107.64587255742873, "bugs": 0.08304110168715931}, "functions": {"__init__": {"h1": 0, "h2": 0, "N1": 0, "N2": 0, "vocabulary": 0, "length": 0, "calculated_length": 0, "volume": 0, "difficulty": 0, "effort": 0, "time": 0.0, "bugs": 0.0}, "__repr__": {"h1": 0, "h2": 0, "N1": 0, "N2": 0, "vocabulary": 0, "length": 0, "calculated_length": 0, "volume": 0, "difficulty": 0, "effort": 0, "time": 0.0, "bugs": 0.0}, "push": {"h1": 2, "h2": 3, "N1": 2, "N2": 3, "vocabulary": 5, "length": 5, "calculated_length": 6.754887502163469, "volume": 11.60964047443681, "difficulty": 1.0, "effort": 11.60964047443681, "time": 0.6449800263576005, "bugs": 0.0038698801581456034}, "pop": {"h1": 2, "h2": 2, "N1": 3, "N2": 6, "vocabulary": 4, "length": 9, "calculated_length": 4.0, "volume": 18.0, "difficulty": 3.0, "effort": 54.0, "time": 3.0, "bugs": 0.006}, "append": {"h1": 2, "h2": 2, "N1": 2, "N2": 4, "vocabulary": 4, "length": 6, "calculated_length": 4.0, "volume": 12.0, "difficulty": 2.0, "effort": 24.0, "time": 1.3333333333333333, "bugs": 0.004}, "shift": {"h1": 2, "h2": 2, "N1": 3, "N2": 6, "vocabulary": 4, "length": 9, "calculated_length": 4.0, "volume": 18.0, "difficulty": 3.0, "effort": 54.0, "time": 3.0, "bugs": 0.006}, "remove": {"h1": 5, "h2": 9, "N1": 8, "N2": 16, "vocabulary": 14, "length": 24, "calculated_length": 40.13896548741762, "volume": 91.37651812938249, "difficulty": 4.444444444444445, "effort": 406.1178583528111, "time": 22.56210324182284, "bugs": 0.03045883937646083}, "_repr": {"h1": 0, "h2": 0, "N1": 0, "N2": 0, "vocabulary": 0, "length": 0, "calculated_length": 0, "volume": 0, "difficulty": 0, "effort": 0, "time": 0.0, "bugs": 0.0}}}}
