{"meta": {"version": "7.2.1", "timestamp": "2023-03-05T20:27:32.546180", "branch_coverage": true, "show_contexts": false}, "files": {"binary_search_tree.py": {"executed_lines": [1, 3, 5, 6, 8, 9, 10, 11, 12, 13, 14, 15, 17, 19, 20, 22, 23, 25, 26, 28, 29, 31, 32, 33, 34, 35, 36, 37, 39, 41, 43, 44, 45, 46, 47, 48, 49, 50, 51, 53, 55, 56, 57, 58, 59, 61, 64, 67, 69, 71], "summary": {"covered_lines": 50, "num_statements": 50, "percent_covered": 100.0, "percent_covered_display": "100", "missing_lines": 0, "excluded_lines": 0, "num_branches": 20, "num_partial_branches": 0, "covered_branches": 20, "missing_branches": 0}, "missing_lines": [], "excluded_lines": [], "executed_branches": [[9, 10], [9, 12], [13, 14], [13, 19], [14, 15], [14, 17], [19, 20], [19, 22], [33, 34], [33, 41], [34, 35], [34, 36], [36, 37], [36, 39], [46, -45], [46, 47], [56, 57], [56, 58], [58, 59], [58, 61]], "missing_branches": []}, "tree_node.py": {"executed_lines": [1, 3, 4, 5, 6, 7, 9, 10, 11, 12, 13, 15, 16, 17, 18, 20, 22, 23, 25, 26, 27, 28, 29, 30, 31, 32, 33, 34, 35, 36, 37, 38, 39, 40, 41, 43], "summary": {"covered_lines": 36, "num_statements": 36, "percent_covered": 96.55172413793103, "percent_covered_display": "97", "missing_lines": 0, "excluded_lines": 0, "num_branches": 22, "num_partial_branches": 2, "covered_branches": 20, "missing_branches": 2}, "missing_lines": [], "excluded_lines": [], "executed_branches": [[11, 12], [11, 13], [16, 17], [17, 18], [17, 20], [22, -15], [22, 23], [26, 27], [26, 30], [27, 28], [27, 29], [30, 31], [30, 34], [31, 32], [34, 35], [34, 38], [38, 39], [38, 40], [40, 41], [40, 43]], "missing_branches": [[16, 22], [31, 33]]}}, "totals": {"covered_lines": 86, "num_statements": 86, "percent_covered": 98.4375, "percent_covered_display": "98", "missing_lines": 0, "excluded_lines": 0, "num_branches": 42, "num_partial_branches": 2, "covered_branches": 40, "missing_branches": 2}}