{"hash_map.py": {"total": {"h1": 5, "h2": 27, "N1": 15, "N2": 30, "vocabulary": 32, "length": 45, "calculated_length": 139.9916030328505, "volume": 225.0, "difficulty": 2.7777777777777777, "effort": 625.0, "time": 34.72222222222222, "bugs": 0.075}, "functions": {"__init__": {"h1": 0, "h2": 0, "N1": 0, "N2": 0, "vocabulary": 0, "length": 0, "calculated_length": 0, "volume": 0, "difficulty": 0, "effort": 0, "time": 0.0, "bugs": 0.0}, "insert": {"h1": 2, "h2": 4, "N1": 2, "N2": 4, "vocabulary": 6, "length": 6, "calculated_length": 10.0, "volume": 15.509775004326936, "difficulty": 1.0, "effort": 15.509775004326936, "time": 0.861654166907052, "bugs": 0.005169925001442312}, "get": {"h1": 2, "h2": 4, "N1": 2, "N2": 4, "vocabulary": 6, "length": 6, "calculated_length": 10.0, "volume": 15.509775004326936, "difficulty": 1.0, "effort": 15.509775004326936, "time": 0.861654166907052, "bugs": 0.005169925001442312}, "delete": {"h1": 2, "h2": 4, "N1": 2, "N2": 4, "vocabulary": 6, "length": 6, "calculated_length": 10.0, "volume": 15.509775004326936, "difficulty": 1.0, "effort": 15.509775004326936, "time": 0.861654166907052, "bugs": 0.005169925001442312}, "djb2": {"h1": 2, "h2": 5, "N1": 3, "N2": 6, "vocabulary": 7, "length": 9, "calculated_length": 13.60964047443681, "volume": 25.26619429851844, "difficulty": 1.2, "effort": 30.319433158222125, "time": 1.6844129532345624, "bugs": 0.008422064766172813}, "sdbm": {"h1": 3, "h2": 8, "N1": 5, "N2": 10, "vocabulary": 11, "length": 15, "calculated_length": 28.75488750216347, "volume": 51.89147427955947, "difficulty": 1.875, "effort": 97.296514274174, "time": 5.405361904120777, "bugs": 0.01729715809318649}, "lose_lose": {"h1": 1, "h2": 2, "N1": 1, "N2": 2, "vocabulary": 3, "length": 3, "calculated_length": 2.0, "volume": 4.754887502163469, "difficulty": 0.5, "effort": 2.3774437510817346, "time": 0.1320802083934297, "bugs": 0.0015849625007211565}}}}
