{"meta": {"version": "7.2.1", "timestamp": "2023-03-05T20:31:47.868128", "branch_coverage": true, "show_contexts": false}, "files": {"naive_tree.py": {"executed_lines": [1, 3, 5, 6, 8, 12, 13, 14, 16, 17, 18, 19, 20, 21, 22, 23, 24, 26, 27, 28, 29, 30, 31, 32, 33, 34, 36, 37, 38, 39, 40, 41, 42, 43, 44, 46, 47, 48, 50, 51, 52, 53, 54, 55, 56, 57, 58, 59, 60], "summary": {"covered_lines": 49, "num_statements": 49, "percent_covered": 100.0, "percent_covered_display": "100", "missing_lines": 0, "excluded_lines": 0, "num_branches": 16, "num_partial_branches": 0, "covered_branches": 16, "missing_branches": 0}, "missing_lines": [], "excluded_lines": [], "executed_branches": [[19, -18], [19, 20], [29, -28], [29, 30], [39, -38], [39, 40], [50, 51], [50, 60], [51, -51], [51, 52], [53, 54], [53, 59], [55, 56], [55, 57], [57, 53], [57, 58]], "missing_branches": []}, "tree_node.py": {"executed_lines": [1, 3, 4, 5, 6, 7, 9, 15, 25], "summary": {"covered_lines": 9, "num_statements": 36, "percent_covered": 15.517241379310345, "percent_covered_display": "16", "missing_lines": 27, "excluded_lines": 0, "num_branches": 22, "num_partial_branches": 0, "covered_branches": 0, "missing_branches": 22}, "missing_lines": [10, 11, 12, 13, 16, 17, 18, 20, 22, 23, 26, 27, 28, 29, 30, 31, 32, 33, 34, 35, 36, 37, 38, 39, 40, 41, 43], "excluded_lines": [], "executed_branches": [], "missing_branches": [[11, 12], [11, 13], [16, 17], [16, 22], [17, 18], [17, 20], [22, -15], [22, 23], [26, 27], [26, 30], [27, 28], [27, 29], [30, 31], [30, 34], [31, 32], [31, 33], [34, 35], [34, 38], [38, 39], [38, 40], [40, 41], [40, 43]]}}, "totals": {"covered_lines": 58, "num_statements": 85, "percent_covered": 60.16260162601626, "percent_covered_display": "60", "missing_lines": 27, "excluded_lines": 0, "num_branches": 38, "num_partial_branches": 0, "covered_branches": 16, "missing_branches": 22}}