{"mergesort.py": {"total": {"h1": 4, "h2": 9, "N1": 5, "N2": 10, "vocabulary": 13, "length": 15, "calculated_length": 36.52932501298081, "volume": 55.506595772116384, "difficulty": 2.2222222222222223, "effort": 123.34799060470309, "time": 6.852666144705727, "bugs": 0.01850219859070546}, "functions": {"mergesort": {"h1": 4, "h2": 9, "N1": 5, "N2": 10, "vocabulary": 13, "length": 15, "calculated_length": 36.52932501298081, "volume": 55.506595772116384, "difficulty": 2.2222222222222223, "effort": 123.34799060470309, "time": 6.852666144705727, "bugs": 0.01850219859070546}}}}
