{"heapsort.py": {"total": {"h1": 3, "h2": 10, "N1": 10, "N2": 16, "vocabulary": 13, "length": 26, "calculated_length": 37.974168451037094, "volume": 96.21143267166839, "difficulty": 2.4, "effort": 230.90743841200413, "time": 12.828191022889118, "bugs": 0.032070477557222796}, "functions": {"heap_sort": {"h1": 0, "h2": 0, "N1": 0, "N2": 0, "vocabulary": 0, "length": 0, "calculated_length": 0, "volume": 0, "difficulty": 0, "effort": 0, "time": 0.0, "bugs": 0.0}, "max_heap_sort": {"h1": 2, "h2": 4, "N1": 4, "N2": 6, "vocabulary": 6, "length": 10, "calculated_length": 10.0, "volume": 25.84962500721156, "difficulty": 1.5, "effort": 38.77443751081734, "time": 2.1541354172676304, "bugs": 0.00861654166907052}, "custom_heap_sort": {"h1": 3, "h2": 6, "N1": 6, "N2": 10, "vocabulary": 9, "length": 16, "calculated_length": 20.264662506490406, "volume": 50.718800023077, "difficulty": 2.5, "effort": 126.7970000576925, "time": 7.044277780982917, "bugs": 0.016906266674359}}}}
