{"find_duplicates.py": {"total": {"h1": 7, "h2": 17, "N1": 12, "N2": 24, "vocabulary": 24, "length": 36, "calculated_length": 89.13835275565901, "volume": 165.05865002596164, "difficulty": 4.9411764705882355, "effort": 815.58391777534, "time": 45.31021765418555, "bugs": 0.05501955000865388}, "functions": {"duplicates_linear": {"h1": 1, "h2": 2, "N1": 1, "N2": 2, "vocabulary": 3, "length": 3, "calculated_length": 2.0, "volume": 4.754887502163469, "difficulty": 0.5, "effort": 2.3774437510817346, "time": 0.1320802083934297, "bugs": 0.0015849625007211565}, "duplicates_pre_sorted": {"h1": 5, "h2": 11, "N1": 9, "N2": 18, "vocabulary": 16, "length": 27, "calculated_length": 49.663388279447084, "volume": 108.0, "difficulty": 4.090909090909091, "effort": 441.8181818181818, "time": 24.545454545454547, "bugs": 0.036}, "duplicates_bin_search": {"h1": 2, "h2": 4, "N1": 2, "N2": 4, "vocabulary": 6, "length": 6, "calculated_length": 10.0, "volume": 15.509775004326936, "difficulty": 1.0, "effort": 15.509775004326936, "time": 0.861654166907052, "bugs": 0.005169925001442312}}}}
