{"fibonacci.py": {"total": {"h1": 4, "h2": 9, "N1": 7, "N2": 14, "vocabulary": 13, "length": 21, "calculated_length": 36.52932501298081, "volume": 77.70923408096293, "difficulty": 3.111111111111111, "effort": 241.762061585218, "time": 13.431225643623222, "bugs": 0.025903078026987644}, "functions": {"fibonacci_dp": {"h1": 2, "h2": 4, "N1": 3, "N2": 6, "vocabulary": 6, "length": 9, "calculated_length": 10.0, "volume": 23.264662506490403, "difficulty": 1.5, "effort": 34.89699375973561, "time": 1.938721875540867, "bugs": 0.007754887502163467}, "fibonacci_recursive": {"h1": 3, "h2": 5, "N1": 4, "N2": 8, "vocabulary": 8, "length": 12, "calculated_length": 16.36452797660028, "volume": 36.0, "difficulty": 2.4, "effort": 86.39999999999999, "time": 4.8, "bugs": 0.012}}}}
