{"linked_list2.py": {"total": {"h1": 7, "h2": 22, "N1": 14, "N2": 26, "vocabulary": 29, "length": 40, "calculated_length": 117.75898006442377, "volume": 194.3192398051029, "difficulty": 4.136363636363637, "effort": 803.775037375653, "time": 44.65416874309184, "bugs": 0.0647730799350343}, "functions": {"__init__": {"h1": 0, "h2": 0, "N1": 0, "N2": 0, "vocabulary": 0, "length": 0, "calculated_length": 0, "volume": 0, "difficulty": 0, "effort": 0, "time": 0.0, "bugs": 0.0}, "push": {"h1": 1, "h2": 2, "N1": 1, "N2": 2, "vocabulary": 3, "length": 3, "calculated_length": 2.0, "volume": 4.754887502163469, "difficulty": 0.5, "effort": 2.3774437510817346, "time": 0.1320802083934297, "bugs": 0.0015849625007211565}, "pop": {"h1": 2, "h2": 3, "N1": 2, "N2": 3, "vocabulary": 5, "length": 5, "calculated_length": 6.754887502163469, "volume": 11.60964047443681, "difficulty": 1.0, "effort": 11.60964047443681, "time": 0.6449800263576005, "bugs": 0.0038698801581456034}, "size": {"h1": 0, "h2": 0, "N1": 0, "N2": 0, "vocabulary": 0, "length": 0, "calculated_length": 0, "volume": 0, "difficulty": 0, "effort": 0, "time": 0.0, "bugs": 0.0}, "search": {"h1": 1, "h2": 2, "N1": 1, "N2": 2, "vocabulary": 3, "length": 3, "calculated_length": 2.0, "volume": 4.754887502163469, "difficulty": 0.5, "effort": 2.3774437510817346, "time": 0.1320802083934297, "bugs": 0.0015849625007211565}, "remove": {"h1": 4, "h2": 8, "N1": 6, "N2": 12, "vocabulary": 12, "length": 18, "calculated_length": 32.0, "volume": 64.52932501298082, "difficulty": 3.0, "effort": 193.58797503894246, "time": 10.75488750216347, "bugs": 0.02150977500432694}, "display": {"h1": 2, "h2": 7, "N1": 4, "N2": 7, "vocabulary": 9, "length": 11, "calculated_length": 21.651484454403228, "volume": 34.86917501586544, "difficulty": 1.0, "effort": 34.86917501586544, "time": 1.937176389770302, "bugs": 0.011623058338621813}}}}
