{"bst2.py": {"total": {"h1": 10, "h2": 41, "N1": 38, "N2": 63, "vocabulary": 51, "length": 101, "calculated_length": 252.87891313821507, "volume": 572.9149595391211, "difficulty": 7.682926829268292, "effort": 4401.663713532272, "time": 244.5368729740151, "bugs": 0.19097165317970705}, "functions": {"__init__": {"h1": 0, "h2": 0, "N1": 0, "N2": 0, "vocabulary": 0, "length": 0, "calculated_length": 0, "volume": 0, "difficulty": 0, "effort": 0, "time": 0.0, "bugs": 0.0}, "_is_leaf": {"h1": 2, "h2": 3, "N1": 2, "N2": 3, "vocabulary": 5, "length": 5, "calculated_length": 6.754887502163469, "volume": 11.60964047443681, "difficulty": 1.0, "effort": 11.60964047443681, "time": 0.6449800263576005, "bugs": 0.0038698801581456034}, "_is_interior": {"h1": 1, "h2": 2, "N1": 1, "N2": 2, "vocabulary": 3, "length": 3, "calculated_length": 2.0, "volume": 4.754887502163469, "difficulty": 0.5, "effort": 2.3774437510817346, "time": 0.1320802083934297, "bugs": 0.0015849625007211565}, "_onlychild": {"h1": 2, "h2": 4, "N1": 4, "N2": 6, "vocabulary": 6, "length": 10, "calculated_length": 10.0, "volume": 25.84962500721156, "difficulty": 1.5, "effort": 38.77443751081734, "time": 2.1541354172676304, "bugs": 0.00861654166907052}, "_side": {"h1": 1, "h2": 2, "N1": 1, "N2": 2, "vocabulary": 3, "length": 3, "calculated_length": 2.0, "volume": 4.754887502163469, "difficulty": 0.5, "effort": 2.3774437510817346, "time": 0.1320802083934297, "bugs": 0.0015849625007211565}, "insert": {"h1": 2, "h2": 3, "N1": 2, "N2": 3, "vocabulary": 5, "length": 5, "calculated_length": 6.754887502163469, "volume": 11.60964047443681, "difficulty": 1.0, "effort": 11.60964047443681, "time": 0.6449800263576005, "bugs": 0.0038698801581456034}, "_step": {"h1": 2, "h2": 1, "N1": 2, "N2": 4, "vocabulary": 3, "length": 6, "calculated_length": 2.0, "volume": 9.509775004326938, "difficulty": 4.0, "effort": 38.03910001730775, "time": 2.1132833342948754, "bugs": 0.003169925001442313}, "_set_child": {"h1": 3, "h2": 4, "N1": 5, "N2": 10, "vocabulary": 7, "length": 15, "calculated_length": 12.75488750216347, "volume": 42.11032383086406, "difficulty": 3.75, "effort": 157.91371436574022, "time": 8.772984131430013, "bugs": 0.01403677461028802}, "search": {"h1": 2, "h2": 1, "N1": 2, "N2": 4, "vocabulary": 3, "length": 6, "calculated_length": 2.0, "volume": 9.509775004326938, "difficulty": 4.0, "effort": 38.03910001730775, "time": 2.1132833342948754, "bugs": 0.003169925001442313}, "size": {"h1": 0, "h2": 0, "N1": 0, "N2": 0, "vocabulary": 0, "length": 0, "calculated_length": 0, "volume": 0, "difficulty": 0, "effort": 0, "time": 0.0, "bugs": 0.0}, "depth": {"h1": 1, "h2": 1, "N1": 1, "N2": 1, "vocabulary": 2, "length": 2, "calculated_length": 0.0, "volume": 2.0, "difficulty": 0.5, "effort": 1.0, "time": 0.05555555555555555, "bugs": 0.0006666666666666666}, "contains": {"h1": 1, "h2": 2, "N1": 1, "N2": 2, "vocabulary": 3, "length": 3, "calculated_length": 2.0, "volume": 4.754887502163469, "difficulty": 0.5, "effort": 2.3774437510817346, "time": 0.1320802083934297, "bugs": 0.0015849625007211565}, "balance": {"h1": 2, "h2": 5, "N1": 5, "N2": 6, "vocabulary": 7, "length": 11, "calculated_length": 13.60964047443681, "volume": 30.880904142633646, "difficulty": 1.2, "effort": 37.05708497116037, "time": 2.058726942842243, "bugs": 0.010293634714211216}, "pre_order": {"h1": 2, "h2": 2, "N1": 2, "N2": 3, "vocabulary": 4, "length": 5, "calculated_length": 4.0, "volume": 10.0, "difficulty": 1.5, "effort": 15.0, "time": 0.8333333333333334, "bugs": 0.0033333333333333335}, "in_order": {"h1": 2, "h2": 2, "N1": 2, "N2": 3, "vocabulary": 4, "length": 5, "calculated_length": 4.0, "volume": 10.0, "difficulty": 1.5, "effort": 15.0, "time": 0.8333333333333334, "bugs": 0.0033333333333333335}, "post_order": {"h1": 2, "h2": 2, "N1": 2, "N2": 3, "vocabulary": 4, "length": 5, "calculated_length": 4.0, "volume": 10.0, "difficulty": 1.5, "effort": 15.0, "time": 0.8333333333333334, "bugs": 0.0033333333333333335}, "breadth_first": {"h1": 0, "h2": 0, "N1": 0, "N2": 0, "vocabulary": 0, "length": 0, "calculated_length": 0, "volume": 0, "difficulty": 0, "effort": 0, "time": 0.0, "bugs": 0.0}, "delete": {"h1": 5, "h2": 5, "N1": 5, "N2": 9, "vocabulary": 10, "length": 14, "calculated_length": 23.21928094887362, "volume": 46.50699332842308, "difficulty": 4.5, "effort": 209.28146997790384, "time": 11.62674833210577, "bugs": 0.01550233110947436}, "_find_replacement": {"h1": 1, "h2": 2, "N1": 1, "N2": 2, "vocabulary": 3, "length": 3, "calculated_length": 2.0, "volume": 4.754887502163469, "difficulty": 0.5, "effort": 2.3774437510817346, "time": 0.1320802083934297, "bugs": 0.0015849625007211565}, "_findmin": {"h1": 0, "h2": 0, "N1": 0, "N2": 0, "vocabulary": 0, "length": 0, "calculated_length": 0, "volume": 0, "difficulty": 0, "effort": 0, "time": 0.0, "bugs": 0.0}}}}
