{"fenwick_tree.py": {"total": {"h1": 7, "h2": 28, "N1": 20, "N2": 38, "vocabulary": 35, "length": 58, "calculated_length": 154.25742227201613, "volume": 297.4984149828081, "difficulty": 4.75, "effort": 1413.1174711683384, "time": 78.5065261760188, "bugs": 0.0991661383276027}, "functions": {"__init__": {"h1": 2, "h2": 7, "N1": 4, "N2": 8, "vocabulary": 9, "length": 12, "calculated_length": 21.651484454403228, "volume": 38.03910001730775, "difficulty": 1.1428571428571428, "effort": 43.47325716263743, "time": 2.415180953479857, "bugs": 0.012679700005769252}, "update": {"h1": 5, "h2": 10, "N1": 8, "N2": 15, "vocabulary": 15, "length": 23, "calculated_length": 44.82892142331043, "volume": 89.85848369899593, "difficulty": 3.75, "effort": 336.9693138712347, "time": 18.720517437290816, "bugs": 0.02995282789966531}, "sum_of_n": {"h1": 5, "h2": 7, "N1": 6, "N2": 11, "vocabulary": 12, "length": 17, "calculated_length": 31.26112492884004, "volume": 60.94436251225966, "difficulty": 3.9285714285714284, "effort": 239.42428129816292, "time": 13.301348961009051, "bugs": 0.020314787504086555}, "sum_of_range": {"h1": 1, "h2": 4, "N1": 2, "N2": 4, "vocabulary": 5, "length": 6, "calculated_length": 8.0, "volume": 13.931568569324174, "difficulty": 0.5, "effort": 6.965784284662087, "time": 0.3869880158145604, "bugs": 0.004643856189774725}}}}
