{"fizz_buzz.py": {"total": {"h1": 4, "h2": 12, "N1": 7, "N2": 14, "vocabulary": 16, "length": 21, "calculated_length": 51.01955000865388, "volume": 84.0, "difficulty": 2.3333333333333335, "effort": 196.0, "time": 10.88888888888889, "bugs": 0.028}, "functions": {"fizz_buzz": {"h1": 4, "h2": 12, "N1": 7, "N2": 14, "vocabulary": 16, "length": 21, "calculated_length": 51.01955000865388, "volume": 84.0, "difficulty": 2.3333333333333335, "effort": 196.0, "time": 10.88888888888889, "bugs": 0.028}}}}
