{"depth_first_search.py": {"total": {"h1": 8, "h2": 23, "N1": 15, "N2": 31, "vocabulary": 31, "length": 46, "calculated_length": 128.0419249893113, "volume": 227.8930302777963, "difficulty": 5.391304347826087, "effort": 1228.6406849759453, "time": 68.25781583199696, "bugs": 0.0759643434259321}, "functions": {"depth_first_search": {"h1": 8, "h2": 23, "N1": 15, "N2": 31, "vocabulary": 31, "length": 46, "calculated_length": 128.0419249893113, "volume": 227.8930302777963, "difficulty": 5.391304347826087, "effort": 1228.6406849759453, "time": 68.25781583199696, "bugs": 0.0759643434259321}}}}
