{"breadth_first_search.py": {"total": {"h1": 9, "h2": 27, "N1": 17, "N2": 35, "vocabulary": 36, "length": 52, "calculated_length": 156.9112875713945, "volume": 268.8361000750002, "difficulty": 5.833333333333333, "effort": 1568.2105837708345, "time": 87.12281020949081, "bugs": 0.08961203335833341}, "functions": {"breadth_first_search": {"h1": 8, "h2": 23, "N1": 15, "N2": 31, "vocabulary": 31, "length": 46, "calculated_length": 128.0419249893113, "volume": 227.8930302777963, "difficulty": 5.391304347826087, "effort": 1228.6406849759453, "time": 68.25781583199696, "bugs": 0.0759643434259321}, "breadth_first_search_graph": {"h1": 2, "h2": 4, "N1": 2, "N2": 4, "vocabulary": 6, "length": 6, "calculated_length": 10.0, "volume": 15.509775004326936, "difficulty": 1.0, "effort": 15.509775004326936, "time": 0.861654166907052, "bugs": 0.005169925001442312}}}}
