{"binheap.py": {"total": {"h1": 7, "h2": 23, "N1": 19, "N2": 36, "vocabulary": 30, "length": 55, "calculated_length": 123.69340944371453, "volume": 269.8789827584685, "difficulty": 5.478260869565218, "effort": 1478.4674707637841, "time": 82.13708170909912, "bugs": 0.08995966091948951}, "functions": {"__init__": {"h1": 0, "h2": 0, "N1": 0, "N2": 0, "vocabulary": 0, "length": 0, "calculated_length": 0, "volume": 0, "difficulty": 0, "effort": 0, "time": 0.0, "bugs": 0.0}, "_balance": {"h1": 3, "h2": 8, "N1": 8, "N2": 16, "vocabulary": 11, "length": 24, "calculated_length": 28.75488750216347, "volume": 83.02635884729514, "difficulty": 3.0, "effort": 249.07907654188543, "time": 13.837726474549191, "bugs": 0.02767545294909838}, "push": {"h1": 0, "h2": 0, "N1": 0, "N2": 0, "vocabulary": 0, "length": 0, "calculated_length": 0, "volume": 0, "difficulty": 0, "effort": 0, "time": 0.0, "bugs": 0.0}, "pop": {"h1": 1, "h2": 1, "N1": 1, "N2": 1, "vocabulary": 2, "length": 2, "calculated_length": 0.0, "volume": 2.0, "difficulty": 0.5, "effort": 1.0, "time": 0.05555555555555555, "bugs": 0.0006666666666666666}, "display": {"h1": 6, "h2": 14, "N1": 10, "N2": 19, "vocabulary": 20, "length": 29, "calculated_length": 68.81274391313339, "volume": 125.33591475173351, "difficulty": 4.071428571428571, "effort": 510.29622434634354, "time": 28.34979024146353, "bugs": 0.041778638250577836}}}}
