{"quicksort.py": {"total": {"h1": 4, "h2": 10, "N1": 6, "N2": 12, "vocabulary": 14, "length": 18, "calculated_length": 41.219280948873624, "volume": 68.53238859703687, "difficulty": 2.4, "effort": 164.4777326328885, "time": 9.13765181293825, "bugs": 0.022844129532345624}, "functions": {"quicksort": {"h1": 4, "h2": 10, "N1": 6, "N2": 12, "vocabulary": 14, "length": 18, "calculated_length": 41.219280948873624, "volume": 68.53238859703687, "difficulty": 2.4, "effort": 164.4777326328885, "time": 9.13765181293825, "bugs": 0.022844129532345624}}}}
