{"edit_distance.py": {"total": {"h1": 8, "h2": 43, "N1": 40, "N2": 77, "vocabulary": 51, "length": 117, "calculated_length": 257.3293844521902, "volume": 663.6737650106651, "difficulty": 7.162790697674419, "effort": 4753.75627030895, "time": 264.0975705727194, "bugs": 0.22122458833688835}, "functions": {"calculate_edit_distance": {"h1": 8, "h2": 43, "N1": 40, "N2": 77, "vocabulary": 51, "length": 117, "calculated_length": 257.3293844521902, "volume": 663.6737650106651, "difficulty": 7.162790697674419, "effort": 4753.75627030895, "time": 264.0975705727194, "bugs": 0.22122458833688835}}}}
