{"meta": {"version": "7.2.1", "timestamp": "2023-03-05T20:28:11.916229", "branch_coverage": true, "show_contexts": false}, "files": {"deque.py": {"executed_lines": [1, 3, 6, 7, 24, 26, 28, 30, 32, 34, 36, 38, 40, 42, 44, 46, 47, 48, 50, 52, 53, 54, 56, 58], "summary": {"covered_lines": 22, "num_statements": 22, "percent_covered": 100.0, "percent_covered_display": "100", "missing_lines": 0, "excluded_lines": 0, "num_branches": 4, "num_partial_branches": 0, "covered_branches": 4, "missing_branches": 0}, "missing_lines": [], "excluded_lines": [], "executed_branches": [[46, 47], [46, 48], [52, 53], [52, 54]], "missing_branches": []}, "dll.py": {"executed_lines": [1, 4, 5, 7, 9, 10, 11, 13, 18, 19, 30, 32, 33, 34, 35, 36, 37, 38, 39, 40, 42, 44, 45, 46, 47, 48, 49, 50, 52, 54, 55, 56, 58, 59, 60, 61, 62, 63, 64, 65, 67, 69, 70, 71, 72, 73, 74, 75, 77, 79, 80, 81, 83, 84, 85, 86, 87, 88, 89, 90, 92, 111], "summary": {"covered_lines": 59, "num_statements": 83, "percent_covered": 69.74789915966386, "percent_covered_display": "70", "missing_lines": 24, "excluded_lines": 0, "num_branches": 36, "num_partial_branches": 0, "covered_branches": 24, "missing_branches": 12}, "missing_lines": [15, 94, 95, 96, 97, 98, 99, 100, 101, 102, 103, 104, 105, 106, 107, 109, 113, 114, 115, 116, 117, 118, 119, 120], "excluded_lines": [], "executed_branches": [[36, -30], [36, 37], [36, 38], [39, -30], [39, 40], [46, 47], [46, 48], [48, 49], [48, 50], [55, 56], [55, 58], [59, 60], [59, 61], [63, 64], [63, 65], [71, 72], [71, 73], [73, 74], [73, 75], [80, 81], [80, 83], [84, 85], [84, 86], [88, 89], [88, 90]], "missing_branches": [[95, 96], [95, 109], [96, 97], [96, 107], [97, 98], [97, 99], [99, 100], [99, 101], [101, 102], [101, 103], [103, 104], [103, 105]]}}, "totals": {"covered_lines": 81, "num_statements": 105, "percent_covered": 75.17241379310344, "percent_covered_display": "75", "missing_lines": 24, "excluded_lines": 0, "num_branches": 40, "num_partial_branches": 0, "covered_branches": 28, "missing_branches": 12}}