{"first_missing_positive.py": {"total": {"h1": 7, "h2": 12, "N1": 11, "N2": 23, "vocabulary": 19, "length": 34, "calculated_length": 62.67103446305711, "volume": 144.4295354570819, "difficulty": 6.708333333333333, "effort": 968.881467024591, "time": 53.82674816803283, "bugs": 0.048143178485693966}, "functions": {"first_missing_positive": {"h1": 7, "h2": 12, "N1": 11, "N2": 23, "vocabulary": 19, "length": 34, "calculated_length": 62.67103446305711, "volume": 144.4295354570819, "difficulty": 6.708333333333333, "effort": 968.881467024591, "time": 53.82674816803283, "bugs": 0.048143178485693966}}}}
