{"meta": {"version": "7.2.1", "timestamp": "2023-03-05T20:31:00.516399", "branch_coverage": true, "show_contexts": false}, "files": {"linked_list1.py": {"executed_lines": [1, 3, 4, 5, 7, 9, 10, 11, 12, 14, 15, 16, 17, 18, 19, 20, 22, 24, 26, 27, 28, 29, 31, 32, 33, 34, 35, 36, 37, 39, 41, 43, 44, 46, 48, 49, 50, 51, 52, 53, 54, 55, 56, 57, 59, 60, 61, 62, 63, 64, 65, 66, 67, 68, 69, 71], "summary": {"covered_lines": 56, "num_statements": 56, "percent_covered": 97.5609756097561, "percent_covered_display": "98", "missing_lines": 0, "excluded_lines": 0, "num_branches": 26, "num_partial_branches": 2, "covered_branches": 24, "missing_branches": 2}, "missing_lines": [], "excluded_lines": [], "executed_branches": [[9, 10], [9, 11], [14, 15], [14, 19], [15, 16], [17, 14], [17, 18], [19, 20], [19, 22], [26, 27], [26, 28], [31, 32], [31, 36], [32, 33], [34, 31], [34, 35], [36, 37], [36, 39], [41, 43], [41, 46], [51, 52], [51, 56], [61, 62], [61, 64]], "missing_branches": [[15, 17], [32, 34]]}}, "totals": {"covered_lines": 56, "num_statements": 56, "percent_covered": 97.5609756097561, "percent_covered_display": "98", "missing_lines": 0, "excluded_lines": 0, "num_branches": 26, "num_partial_branches": 2, "covered_branches": 24, "missing_branches": 2}}