{"binary_search_tree.py": {"total": {"h1": 5, "h2": 7, "N1": 7, "N2": 11, "vocabulary": 12, "length": 18, "calculated_length": 31.26112492884004, "volume": 64.52932501298082, "difficulty": 3.9285714285714284, "effort": 253.50806255099607, "time": 14.083781252833115, "bugs": 0.02150977500432694}, "functions": {"__init__": {"h1": 0, "h2": 0, "N1": 0, "N2": 0, "vocabulary": 0, "length": 0, "calculated_length": 0, "volume": 0, "difficulty": 0, "effort": 0, "time": 0.0, "bugs": 0.0}, "insert": {"h1": 2, "h2": 3, "N1": 2, "N2": 3, "vocabulary": 5, "length": 5, "calculated_length": 6.754887502163469, "volume": 11.60964047443681, "difficulty": 1.0, "effort": 11.60964047443681, "time": 0.6449800263576005, "bugs": 0.0038698801581456034}, "min": {"h1": 0, "h2": 0, "N1": 0, "N2": 0, "vocabulary": 0, "length": 0, "calculated_length": 0, "volume": 0, "difficulty": 0, "effort": 0, "time": 0.0, "bugs": 0.0}, "delete": {"h1": 0, "h2": 0, "N1": 0, "N2": 0, "vocabulary": 0, "length": 0, "calculated_length": 0, "volume": 0, "difficulty": 0, "effort": 0, "time": 0.0, "bugs": 0.0}, "search": {"h1": 2, "h2": 1, "N1": 2, "N2": 4, "vocabulary": 3, "length": 6, "calculated_length": 2.0, "volume": 9.509775004326938, "difficulty": 4.0, "effort": 38.03910001730775, "time": 2.1132833342948754, "bugs": 0.003169925001442313}, "in_order_traversal": {"h1": 0, "h2": 0, "N1": 0, "N2": 0, "vocabulary": 0, "length": 0, "calculated_length": 0, "volume": 0, "difficulty": 0, "effort": 0, "time": 0.0, "bugs": 0.0}, "merge": {"h1": 2, "h2": 3, "N1": 3, "N2": 4, "vocabulary": 5, "length": 7, "calculated_length": 6.754887502163469, "volume": 16.253496664211536, "difficulty": 1.3333333333333333, "effort": 21.67132888561538, "time": 1.2039627158675212, "bugs": 0.005417832221403845}}}}
