{"priority_queue1.py": {"total": {"h1": 5, "h2": 10, "N1": 6, "N2": 10, "vocabulary": 15, "length": 16, "calculated_length": 44.82892142331043, "volume": 62.5102495297363, "difficulty": 2.5, "effort": 156.27562382434076, "time": 8.681979101352264, "bugs": 0.020836749843245433}, "functions": {"__init__": {"h1": 0, "h2": 0, "N1": 0, "N2": 0, "vocabulary": 0, "length": 0, "calculated_length": 0, "volume": 0, "difficulty": 0, "effort": 0, "time": 0.0, "bugs": 0.0}, "add_task": {"h1": 1, "h2": 2, "N1": 1, "N2": 2, "vocabulary": 3, "length": 3, "calculated_length": 2.0, "volume": 4.754887502163469, "difficulty": 0.5, "effort": 2.3774437510817346, "time": 0.1320802083934297, "bugs": 0.0015849625007211565}, "remove_task": {"h1": 1, "h2": 1, "N1": 1, "N2": 1, "vocabulary": 2, "length": 2, "calculated_length": 0.0, "volume": 2.0, "difficulty": 0.5, "effort": 1.0, "time": 0.05555555555555555, "bugs": 0.0006666666666666666}, "set_priority": {"h1": 3, "h2": 5, "N1": 3, "N2": 5, "vocabulary": 8, "length": 8, "calculated_length": 16.36452797660028, "volume": 24.0, "difficulty": 1.5, "effort": 36.0, "time": 2.0, "bugs": 0.008}, "pop_task": {"h1": 1, "h2": 2, "N1": 1, "N2": 2, "vocabulary": 3, "length": 3, "calculated_length": 2.0, "volume": 4.754887502163469, "difficulty": 0.5, "effort": 2.3774437510817346, "time": 0.1320802083934297, "bugs": 0.0015849625007211565}}}}
