{"dijkstras.py": {"total": {"h1": 4, "h2": 7, "N1": 4, "N2": 7, "vocabulary": 11, "length": 11, "calculated_length": 27.651484454403228, "volume": 38.053747805010275, "difficulty": 2.0, "effort": 76.10749561002055, "time": 4.228194200556697, "bugs": 0.012684582601670092}, "functions": {"dijkstras": {"h1": 4, "h2": 7, "N1": 4, "N2": 7, "vocabulary": 11, "length": 11, "calculated_length": 27.651484454403228, "volume": 38.053747805010275, "difficulty": 2.0, "effort": 76.10749561002055, "time": 4.228194200556697, "bugs": 0.012684582601670092}}}}
