{"permutations.py": {"total": {"h1": 2, "h2": 7, "N1": 4, "N2": 7, "vocabulary": 9, "length": 11, "calculated_length": 21.651484454403228, "volume": 34.86917501586544, "difficulty": 1.0, "effort": 34.86917501586544, "time": 1.937176389770302, "bugs": 0.011623058338621813}, "functions": {"permutations_of_word": {"h1": 2, "h2": 7, "N1": 4, "N2": 7, "vocabulary": 9, "length": 11, "calculated_length": 21.651484454403228, "volume": 34.86917501586544, "difficulty": 1.0, "effort": 34.86917501586544, "time": 1.937176389770302, "bugs": 0.011623058338621813}}}}
