{"lru_cache.py": {"total": {"h1": 4, "h2": 9, "N1": 5, "N2": 9, "vocabulary": 13, "length": 14, "calculated_length": 36.52932501298081, "volume": 51.80615605397529, "difficulty": 2.0, "effort": 103.61231210795059, "time": 5.75623956155281, "bugs": 0.01726871868465843}, "functions": {"__init__": {"h1": 1, "h2": 2, "N1": 1, "N2": 2, "vocabulary": 3, "length": 3, "calculated_length": 2.0, "volume": 4.754887502163469, "difficulty": 0.5, "effort": 2.3774437510817346, "time": 0.1320802083934297, "bugs": 0.0015849625007211565}, "put": {"h1": 2, "h2": 4, "N1": 2, "N2": 4, "vocabulary": 6, "length": 6, "calculated_length": 10.0, "volume": 15.509775004326936, "difficulty": 1.0, "effort": 15.509775004326936, "time": 0.861654166907052, "bugs": 0.005169925001442312}, "get": {"h1": 2, "h2": 3, "N1": 2, "N2": 3, "vocabulary": 5, "length": 5, "calculated_length": 6.754887502163469, "volume": 11.60964047443681, "difficulty": 1.0, "effort": 11.60964047443681, "time": 0.6449800263576005, "bugs": 0.0038698801581456034}, "_add": {"h1": 0, "h2": 0, "N1": 0, "N2": 0, "vocabulary": 0, "length": 0, "calculated_length": 0, "volume": 0, "difficulty": 0, "effort": 0, "time": 0.0, "bugs": 0.0}, "_remove": {"h1": 0, "h2": 0, "N1": 0, "N2": 0, "vocabulary": 0, "length": 0, "calculated_length": 0, "volume": 0, "difficulty": 0, "effort": 0, "time": 0.0, "bugs": 0.0}}}}
