{"complement.py": {"total": {"h1": 4, "h2": 3, "N1": 4, "N2": 7, "vocabulary": 7, "length": 11, "calculated_length": 12.75488750216347, "volume": 30.880904142633646, "difficulty": 4.666666666666667, "effort": 144.11088599895703, "time": 8.00616033327539, "bugs": 0.010293634714211216}, "functions": {"complement": {"h1": 4, "h2": 3, "N1": 4, "N2": 7, "vocabulary": 7, "length": 11, "calculated_length": 12.75488750216347, "volume": 30.880904142633646, "difficulty": 4.666666666666667, "effort": 144.11088599895703, "time": 8.00616033327539, "bugs": 0.010293634714211216}}}}
